GC_First,GC_Budget,GC_Budget_At,GC_Best,GC_Best_At,BO_Best,BO_Best_At,GPTune_Best,GPTune_Best_At
23.03520351686868,23.957336196176403,2,23.957336196176403,2,24.165550591008486,3,17.880521766619292,9
