GC_First,GC_Budget,GC_Budget_At,GC_Best,GC_Best_At,BO_Best,BO_Best_At,GPTune_Best,GPTune_Best_At
21.097993842520594,21.976766116087543,21,21.976766116087543,21,22.837837837837835,21,13.29754415910674,30
