GC_First,GC_Budget,GC_Budget_At,GC_Best,GC_Best_At,BO_Best,BO_Best_At,GPTune_Best,GPTune_Best_At
4.131438078931962,4.273667559520558,26,4.273667559520558,26,4.978687815970983,8,4.068885369445542,30
