GC_First,GC_Budget,GC_Budget_At,GC_Best,GC_Best_At,BO_Best,BO_Best_At,GPTune_Best,GPTune_Best_At
0.988633198919587,1.0045605452059132,29,1.0045605452059132,29,1.0103017268788597,16,1.0104135454207046,20
