GC_First,GC_Budget,GC_Budget_At,GC_Best,GC_Best_At,BO_Best,BO_Best_At,GPTune_Best,GPTune_Best_At
1.0160355923863629,1.0160355923863629,1,1.0160355923863629,1,1.0120436122867447,25,1.0127923831385746,3
