GC_First,GC_Budget,GC_Budget_At,GC_Best,GC_Best_At,BO_Best,BO_Best_At,GPTune_Best,GPTune_Best_At
1.0111671982216868,1.0153011311095177,17,1.0153011311095177,17,1.0167652215712646,20,1.0148858105225054,26
