trial,generate,reject,close,sample,batch,prior,sample,external
0,955,45,0,0,0,45,0.12052488327026367,0
1,1908,92,0,0,0,92,0.238128662109375,0
