trial,generate,reject,close,sample,batch,prior,sample,external
0,955,45,0,0,0,45,0.12041926383972168,0
1,1908,92,0,0,0,92,0.2386324405670166,0
