trial,generate,reject,close,sample,batch,prior,sample,external
0,389,611,0,0,0,611,0.17099571228027344,0
1,782,1218,0,0,0,1218,0.33944010734558105,0
2,1169,1831,0,0,0,1831,0.48716139793395996,0
