trial,generate,reject,close,sample,batch,prior,sample,external
0,955,45,0,0,0,45,0.1206667423248291,0
1,1908,92,0,0,0,92,0.23940587043762207,0
