trial,generate,reject,close,sample,batch,prior,sample,external
0,480,9520,8291,466,763,0,0.4461362361907959,0.032517194747924805
1,951,19049,16668,907,1474,0,0.8665211200714111,0.06523823738098145
2,1439,28561,24993,1368,2200,0,1.2849855422973633,0.09760427474975586
