trial,generate,reject,close,sample,batch,prior,sample,external
0,159,7841,5688,1040,1113,0,0.3533639907836914,0.03161883354187012
1,318,15682,11376,2080,2226,0,0.67913818359375,0.06288671493530273
2,477,23523,17064,3120,3339,0,1.0081303119659424,0.09417390823364258
3,636,31364,22752,4160,4452,0,1.3350355625152588,0.1256883144378662
4,795,39205,28440,5200,5565,0,1.8159399032592773,0.17385077476501465
5,954,47046,34128,6240,6678,0,2.1393070220947266,0.2071232795715332
6,1113,54887,39816,7280,7791,0,2.460442066192627,0.23879528045654297
