trial,generate,reject,close,sample,batch,prior,sample,external
0,541,5459,3781,954,724,0,0.28952932357788086,0.02483391761779785
1,1120,11880,8284,2065,1531,0,0.5868837833404541,0.05340266227722168
