trial,generate,reject,close,sample,batch,prior,sample,external
0,560,5440,3859,914,667,0,0.28575634956359863,0.02512049674987793
1,1103,10897,7704,1830,1363,0,0.5423910617828369,0.049829959869384766
