objective,elapsed_sec
7.469493333333333,7.469493333333333
