GC_First,GC_Budget,GC_Budget_At,GC_Best,GC_Best_At,BO_Best,BO_Best_At,GPTune_Best,GPTune_Best_At
0.9905839337764398,0.9972973229417486,6,0.9972973229417486,6,0.9817794460648521,26,0.9933473063731277,17
