GC_First,GC_Budget,GC_Budget_At,GC_Best,GC_Best_At,BO_Best,BO_Best_At,GPTune_Best,GPTune_Best_At
0.9859725153565932,0.9925438813532361,16,0.9925438813532361,16,0.9861402467515994,3,0.9899625223418299,30
