GC_First,GC_Budget,GC_Budget_At,GC_Best,GC_Best_At,BO_Best,BO_Best_At,GPTune_Best,GPTune_Best_At
0.9931339930016722,0.9940197818554624,12,0.9940197818554624,12,0.9931076891851655,1,0.993910846296873,14
