GC_First,GC_Budget,GC_Budget_At,GC_Best,GC_Best_At,BO_Best,BO_Best_At,GPTune_Best,GPTune_Best_At
1.1490037703336338,1.195400696649054,24,1.195400696649054,24,1.1721735803401057,26,1.1901995083648507,5
