GC_First,GC_Budget,GC_Budget_At,GC_Best,GC_Best_At,BO_Best,BO_Best_At,GPTune_Best,GPTune_Best_At
1.155216436247066,1.1754145019912368,25,1.1754145019912368,25,1.1233609284968256,30,1.112655897893403,19
