GC_First,GC_Budget,GC_Budget_At,GC_Best,GC_Best_At,BO_Best,BO_Best_At,GPTune_Best,GPTune_Best_At
0.9974946530280041,0.9996548962680941,3,0.9996548962680941,3,0.9807153376994435,13,0.9962055123551821,29
