objective,elapsed_time
0.6588400000000001,0.6588400000000001
