GC_First,GC_Budget,GC_Budget_At,GC_Best,GC_Best_At,BO_Best,BO_Best_At,GPTune_Best,GPTune_Best_At
27.100857220909756,33.39101590912766,18,33.39101590912766,18,20.575904104185504,30,18.963755681102302,25
