GC_First,GC_Budget,GC_Budget_At,GC_Best,GC_Best_At,BO_Best,BO_Best_At,GPTune_Best,GPTune_Best_At
5.090347243453035,5.695783841029996,23,5.695783841029996,23,3.0257621972354016,26,5.527451145511453,30
