GC_First,GC_Budget,GC_Budget_At,GC_Best,GC_Best_At,BO_Best,BO_Best_At,GPTune_Best,GPTune_Best_At
5.252929336446987,5.569688185145648,29,5.569688185145648,29,3.288628023011491,30,5.162900796989536,16
