objective,elapsed_time
16.131489753723145,16.131489753723145
