objective,elapsed_time
1.4934616088867188,1.4934616088867188
