objective,elapsed_time
5.593784332275391,5.593784332275391
