GC_First,GC_Budget,GC_Budget_At,GC_Best,GC_Best_At,BO_Best,BO_Best_At,GPTune_Best,GPTune_Best_At
0.7953076620333727,1.2171803480267538,16,1.2171803480267538,16,0.9323477226828428,29,0.8477360855766122,30
