GC_First,GC_Budget,GC_Budget_At,GC_Best,GC_Best_At,BO_Best,BO_Best_At,GPTune_Best,GPTune_Best_At
0.9479765291213235,1.0928519884722918,2,1.0928519884722918,2,0.4176637193775908,23,0.8543473880312433,26
