GC_First,GC_Budget,GC_Budget_At,GC_Best,GC_Best_At,BO_Best,BO_Best_At,GPTune_Best,GPTune_Best_At
2.0631357641641923,3.323032192784115,18,3.323032192784115,18,2.3417287403980294,12,2.409616673875291,11
