objective,elapsed_time
0.20369500000000001,0.20369500000000001
