GC_First,GC_Budget,GC_Budget_At,GC_Best,GC_Best_At,BO_Best,BO_Best_At,GPTune_Best,GPTune_Best_At
0.8677483002123471,0.909305788437956,3,0.909305788437956,3,0.9207792415383921,19,0.904239707158228,19
