GC_First,GC_Budget,GC_Budget_At,GC_Best,GC_Best_At,BO_Best,BO_Best_At,GPTune_Best,GPTune_Best_At
0.9330046945811775,0.9330046945811775,1,0.9330046945811775,1,0.931196436023351,20,0.8720854005437989,3
