GC_First,GC_Budget,GC_Budget_At,GC_Best,GC_Best_At,BO_Best,BO_Best_At,GPTune_Best,GPTune_Best_At
0.9474004693691477,0.980731136240904,23,0.980731136240904,23,0.9661326277354126,27,0.9338100001113318,25
