GC_First,GC_Budget,GC_Budget_At,GC_Best,GC_Best_At,BO_Best,BO_Best_At,GPTune_Best,GPTune_Best_At
1.004154792555073,1.0108719680018547,10,1.0108719680018547,10,0.9810213950498742,26,1.0204420820590951,18
