GC_First,GC_Budget,GC_Budget_At,GC_Best,GC_Best_At,BO_Best,BO_Best_At,GPTune_Best,GPTune_Best_At
1.0247213264077164,1.0395225802449752,15,1.0395225802449752,15,0.9731790694597876,26,1.0436208593966443,27
