objective,elapsed_sec
79.34088100000001,79.34088100000001
