objective,elapsed_sec
18.15920433333333,18.15920433333333
