objective,elapsed_sec
5.176367333333332,5.176367333333332
