GC_First,GC_Budget,GC_Budget_At,GC_Best,GC_Best_At,BO_Best,BO_Best_At,GPTune_Best,GPTune_Best_At
1.5005633409016574,3.087441337442677,18,3.087441337442677,18,3.34565873453837,21,2.750412409439315,29
