GC_First,GC_Budget,GC_Budget_At,GC_Best,GC_Best_At,BO_Best,BO_Best_At,GPTune_Best,GPTune_Best_At
1.8943631498433398,2.0605483606475965,10,2.0605483606475965,10,2.140220515992868,1,1.7957993461113178,6
