GC_First,GC_Budget,GC_Budget_At,GC_Best,GC_Best_At,BO_Best,BO_Best_At,GPTune_Best,GPTune_Best_At
1.8338915553809436,2.0618752329627505,18,2.0618752329627505,18,2.43271954674221,20,2.303224414159437,28
