GC_First,GC_Budget,GC_Budget_At,GC_Best,GC_Best_At,BO_Best,BO_Best_At,GPTune_Best,GPTune_Best_At
1.2035007791541543,1.2073214785339212,28,1.2073214785339212,28,1.1930023539407149,6,1.2065753363151206,24
