GC_First,GC_Budget,GC_Budget_At,GC_Best,GC_Best_At,BO_Best,BO_Best_At,GPTune_Best,GPTune_Best_At
1.0502051603908802,1.0591127426337736,4,1.0591127426337736,4,1.0443266356104175,6,1.0744823840731212,5
