GC_First,GC_Budget,GC_Budget_At,GC_Best,GC_Best_At,BO_Best,BO_Best_At,GPTune_Best,GPTune_Best_At
1.0142821690059804,1.027389071216134,24,1.027389071216134,24,0.9829125913129059,6,1.0479723871192883,5
